X,CH1,CH2,Start,Increment,
Sequence,Volt,Volt,-3.500000e-02,5.000000e-05,
0,4.000000e-03,-3.968750e-03,
1,4.000000e-03,-3.968750e-03,
2,4.000000e-03,-3.968750e-03,
3,4.000000e-03,-3.968750e-03,
4,4.000000e-03,-3.968750e-03,
5,4.000000e-03,-3.968750e-03,
6,4.000000e-03,-3.968750e-03,
7,4.000000e-03,-3.968750e-03,
8,4.000000e-03,-3.968750e-03,
9,4.000000e-03,-3.968750e-03,
10,4.000000e-03,-3.968750e-03,
11,4.000000e-03,-3.968750e-03,
12,4.000000e-03,-3.968750e-03,
13,4.000000e-03,-3.968750e-03,
14,4.000000e-03,-3.968750e-03,
15,4.000000e-03,-3.968750e-03,
16,4.000000e-03,-3.968750e-03,
17,4.000000e-03,-3.968750e-03,
18,4.000000e-03,-3.968750e-03,
19,4.000000e-03,-3.968750e-03,
20,4.000000e-03,-3.968750e-03,
21,4.000000e-03,-3.968750e-03,
22,4.000000e-03,-3.968750e-03,
23,4.000000e-03,-3.968750e-03,
24,4.000000e-03,-3.968750e-03,
25,4.000000e-03,-3.968750e-03,
26,4.000000e-03,-3.968750e-03,
27,4.000000e-03,-3.968750e-03,
28,4.000000e-03,-3.968750e-03,
29,4.000000e-03,-3.968750e-03,
30,4.000000e-03,-3.968750e-03,
31,4.000000e-03,-3.968750e-03,
32,4.000000e-03,-3.968750e-03,
33,4.000000e-03,-3.968750e-03,
34,4.000000e-03,-3.968750e-03,
35,4.000000e-03,-3.968750e-03,
36,4.000000e-03,-3.968750e-03,
37,4.000000e-03,-3.968750e-03,
38,4.000000e-03,-3.968750e-03,
39,4.000000e-03,-3.968750e-03,
40,4.000000e-03,-3.968750e-03,
41,4.000000e-03,-3.968750e-03,
42,4.000000e-03,-3.968750e-03,
43,4.000000e-03,-3.968750e-03,
44,4.000000e-03,-3.968750e-03,
45,4.000000e-03,-3.968750e-03,
46,4.000000e-03,-3.968750e-03,
47,4.000000e-03,-3.968750e-03,
48,4.000000e-03,-3.968750e-03,
49,-3.968750e-03,-3.968750e-03,
50,-3.968750e-03,-3.968750e-03,
51,-3.968750e-03,-3.968750e-03,
52,-3.968750e-03,-3.968750e-03,
53,-3.968750e-03,-3.968750e-03,
54,-3.968750e-03,-3.968750e-03,
55,-3.968750e-03,-3.968750e-03,
56,-3.968750e-03,-3.968750e-03,
57,-3.968750e-03,-3.968750e-03,
58,-3.968750e-03,-3.968750e-03,
59,-3.968750e-03,-3.968750e-03,
60,-3.968750e-03,-3.968750e-03,
61,-3.968750e-03,-3.968750e-03,
62,-3.968750e-03,-3.968750e-03,
63,-3.968750e-03,-3.968750e-03,
64,-3.968750e-03,-3.968750e-03,
65,-3.968750e-03,-3.968750e-03,
66,-3.968750e-03,-3.968750e-03,
67,-3.968750e-03,-3.968750e-03,
68,-3.968750e-03,-3.968750e-03,
69,-3.968750e-03,-3.968750e-03,
70,-3.968750e-03,-3.968750e-03,
71,-3.968750e-03,-3.968750e-03,
72,-3.968750e-03,-3.968750e-03,
73,-3.968750e-03,-3.968750e-03,
74,-3.968750e-03,-3.968750e-03,
75,-3.968750e-03,-3.968750e-03,
76,-3.968750e-03,-3.968750e-03,
77,-3.968750e-03,-3.968750e-03,
78,-3.968750e-03,-3.968750e-03,
79,-3.968750e-03,-3.968750e-03,
80,-3.968750e-03,-3.968750e-03,
81,-3.968750e-03,-3.968750e-03,
82,-3.968750e-03,-3.968750e-03,
83,-3.968750e-03,-3.968750e-03,
84,-3.968750e-03,-3.968750e-03,
85,-3.968750e-03,-3.968750e-03,
86,-3.968750e-03,-3.968750e-03,
87,-3.968750e-03,-3.968750e-03,
88,-3.968750e-03,-3.968750e-03,
89,-3.968750e-03,-3.968750e-03,
90,-3.968750e-03,-3.968750e-03,
91,-3.968750e-03,-3.968750e-03,
92,-3.968750e-03,-3.968750e-03,
93,-3.968750e-03,-3.968750e-03,
94,-3.968750e-03,-3.968750e-03,
95,-3.968750e-03,-3.968750e-03,
96,-3.968750e-03,-3.968750e-03,
97,-3.968750e-03,-3.968750e-03,
98,-3.968750e-03,-3.968750e-03,
99,-3.968750e-03,-3.968750e-03,
100,-3.968750e-03,-3.968750e-03,
101,-3.968750e-03,-3.968750e-03,
102,-3.968750e-03,-3.968750e-03,
103,-3.968750e-03,-3.968750e-03,
104,-3.968750e-03,-3.968750e-03,
105,-3.968750e-03,-3.968750e-03,
106,-3.968750e-03,-3.968750e-03,
107,-3.968750e-03,-3.968750e-03,
108,-3.968750e-03,-3.968750e-03,
109,-3.968750e-03,-3.968750e-03,
110,-3.968750e-03,-3.968750e-03,
111,-3.968750e-03,-3.968750e-03,
112,-3.968750e-03,-3.968750e-03,
113,-3.968750e-03,-3.968750e-03,
114,-3.968750e-03,-3.968750e-03,
115,-3.968750e-03,-3.968750e-03,
116,-3.968750e-03,-3.968750e-03,
117,-3.968750e-03,-3.968750e-03,
118,-3.968750e-03,-3.968750e-03,
119,-3.968750e-03,-3.968750e-03,
120,-3.968750e-03,-3.968750e-03,
121,-3.968750e-03,-3.968750e-03,
122,-3.968750e-03,-3.968750e-03,
123,-3.968750e-03,-3.968750e-03,
124,-3.968750e-03,-3.968750e-03,
125,-3.968750e-03,-3.968750e-03,
126,-3.968750e-03,-3.968750e-03,
127,-3.968750e-03,-3.968750e-03,
128,-3.968750e-03,-3.968750e-03,
129,-3.968750e-03,-3.968750e-03,
130,-3.968750e-03,-3.968750e-03,
131,-3.968750e-03,-3.968750e-03,
132,-3.968750e-03,-3.968750e-03,
133,-3.968750e-03,-3.968750e-03,
134,-3.968750e-03,-3.968750e-03,
135,-3.968750e-03,-3.968750e-03,
136,-3.968750e-03,-3.968750e-03,
137,-3.968750e-03,-3.968750e-03,
138,-3.968750e-03,-3.968750e-03,
139,-3.968750e-03,-3.968750e-03,
140,-3.968750e-03,-3.968750e-03,
141,-3.968750e-03,-3.968750e-03,
142,-3.968750e-03,-3.968750e-03,
143,-3.968750e-03,3.968750e-03,
144,-3.968750e-03,3.968750e-03,
145,-3.968750e-03,-3.968750e-03,
146,-3.968750e-03,3.968750e-03,
147,-3.968750e-03,3.968750e-03,
148,-3.968750e-03,3.968750e-03,
149,-3.968750e-03,3.968750e-03,
150,-3.968750e-03,3.968750e-03,
151,-3.968750e-03,3.968750e-03,
152,-3.968750e-03,3.968750e-03,
153,-3.968750e-03,3.968750e-03,
154,-3.968750e-03,3.968750e-03,
155,-3.968750e-03,3.968750e-03,
156,-3.968750e-03,3.968750e-03,
157,-3.968750e-03,3.968750e-03,
158,-3.968750e-03,3.968750e-03,
159,-3.968750e-03,3.968750e-03,
160,-3.968750e-03,3.968750e-03,
161,-3.968750e-03,3.968750e-03,
162,-3.968750e-03,3.968750e-03,
163,-3.968750e-03,3.968750e-03,
164,-3.968750e-03,3.968750e-03,
165,-3.968750e-03,3.968750e-03,
166,-3.968750e-03,3.968750e-03,
167,-3.968750e-03,3.968750e-03,
168,-3.968750e-03,3.968750e-03,
169,-3.968750e-03,3.968750e-03,
170,-3.968750e-03,3.968750e-03,
171,-3.968750e-03,3.968750e-03,
172,-3.968750e-03,3.968750e-03,
173,-3.968750e-03,3.968750e-03,
174,-3.968750e-03,3.968750e-03,
175,-3.968750e-03,3.968750e-03,
176,-3.968750e-03,3.968750e-03,
177,-3.968750e-03,3.968750e-03,
178,-3.968750e-03,3.968750e-03,
179,-3.968750e-03,3.968750e-03,
180,-3.968750e-03,3.968750e-03,
181,-3.968750e-03,3.968750e-03,
182,-3.968750e-03,3.968750e-03,
183,-3.968750e-03,3.968750e-03,
184,-3.968750e-03,3.968750e-03,
185,-3.968750e-03,3.968750e-03,
186,-3.968750e-03,3.968750e-03,
187,-3.968750e-03,3.968750e-03,
188,-3.968750e-03,3.968750e-03,
189,-3.968750e-03,3.968750e-03,
190,-3.968750e-03,3.968750e-03,
191,-3.968750e-03,3.968750e-03,
192,-3.968750e-03,3.968750e-03,
193,-3.968750e-03,3.968750e-03,
194,-3.968750e-03,3.968750e-03,
195,-3.968750e-03,3.968750e-03,
196,-3.968750e-03,3.968750e-03,
197,-3.968750e-03,3.968750e-03,
198,-3.968750e-03,3.968750e-03,
199,-3.968750e-03,3.968750e-03,
200,-3.968750e-03,3.968750e-03,
201,-3.968750e-03,3.968750e-03,
202,-3.968750e-03,3.968750e-03,
203,-3.968750e-03,3.968750e-03,
204,-3.968750e-03,3.968750e-03,
205,-3.968750e-03,3.968750e-03,
206,-3.968750e-03,3.968750e-03,
207,-3.968750e-03,3.968750e-03,
208,-3.968750e-03,3.968750e-03,
209,-3.968750e-03,3.968750e-03,
210,-3.968750e-03,3.968750e-03,
211,-3.968750e-03,3.968750e-03,
212,-3.968750e-03,3.968750e-03,
213,-3.968750e-03,3.968750e-03,
214,-3.968750e-03,3.968750e-03,
215,-3.968750e-03,3.968750e-03,
216,-3.968750e-03,3.968750e-03,
217,-3.968750e-03,3.968750e-03,
218,-3.968750e-03,3.968750e-03,
219,-3.968750e-03,3.968750e-03,
220,-3.968750e-03,3.968750e-03,
221,-3.968750e-03,3.968750e-03,
222,-3.968750e-03,3.968750e-03,
223,-3.968750e-03,3.968750e-03,
224,-3.968750e-03,3.968750e-03,
225,-3.968750e-03,3.968750e-03,
226,-3.968750e-03,3.968750e-03,
227,-3.968750e-03,3.968750e-03,
228,-3.968750e-03,3.968750e-03,
229,-3.968750e-03,3.968750e-03,
230,-3.968750e-03,3.968750e-03,
231,-3.968750e-03,3.968750e-03,
232,-3.968750e-03,3.968750e-03,
233,-3.968750e-03,3.968750e-03,
234,-3.968750e-03,3.968750e-03,
235,-3.968750e-03,3.968750e-03,
236,-3.968750e-03,3.968750e-03,
237,-3.968750e-03,3.968750e-03,
238,-3.968750e-03,3.968750e-03,
239,-3.968750e-03,3.968750e-03,
240,-3.968750e-03,3.968750e-03,
241,-3.968750e-03,3.968750e-03,
242,-3.968750e-03,3.968750e-03,
243,-3.968750e-03,3.968750e-03,
244,-3.968750e-03,3.968750e-03,
245,-3.968750e-03,3.968750e-03,
246,-3.968750e-03,3.968750e-03,
247,-3.968750e-03,3.968750e-03,
248,-3.968750e-03,3.968750e-03,
249,-3.968750e-03,3.968750e-03,
250,-3.968750e-03,3.968750e-03,
251,-3.968750e-03,3.968750e-03,
252,-3.968750e-03,3.968750e-03,
253,-3.968750e-03,3.968750e-03,
254,-3.968750e-03,3.968750e-03,
255,-3.968750e-03,3.968750e-03,
256,-3.968750e-03,3.968750e-03,
257,-3.968750e-03,3.968750e-03,
258,-3.968750e-03,3.968750e-03,
259,-3.968750e-03,3.968750e-03,
260,-3.968750e-03,3.968750e-03,
261,-3.968750e-03,3.968750e-03,
262,-3.968750e-03,3.968750e-03,
263,-3.968750e-03,3.968750e-03,
264,-3.968750e-03,3.968750e-03,
265,-3.968750e-03,3.968750e-03,
266,-3.968750e-03,3.968750e-03,
267,-3.968750e-03,3.968750e-03,
268,-3.968750e-03,3.968750e-03,
269,-3.968750e-03,3.968750e-03,
270,-3.968750e-03,3.968750e-03,
271,-3.968750e-03,3.968750e-03,
272,-3.968750e-03,3.968750e-03,
273,-3.968750e-03,3.968750e-03,
274,-3.968750e-03,3.968750e-03,
275,-3.968750e-03,3.968750e-03,
276,-3.968750e-03,3.968750e-03,
277,-3.968750e-03,3.968750e-03,
278,-3.968750e-03,3.968750e-03,
279,-3.968750e-03,3.968750e-03,
280,-3.968750e-03,3.968750e-03,
281,-3.968750e-03,3.968750e-03,
282,-3.968750e-03,3.968750e-03,
283,-3.968750e-03,3.968750e-03,
284,-3.968750e-03,3.968750e-03,
285,-3.968750e-03,3.968750e-03,
286,-3.968750e-03,3.968750e-03,
287,-3.968750e-03,3.968750e-03,
288,-3.968750e-03,3.968750e-03,
289,-3.968750e-03,3.968750e-03,
290,-3.968750e-03,3.968750e-03,
291,-3.968750e-03,3.968750e-03,
292,-3.968750e-03,3.968750e-03,
293,-3.968750e-03,3.968750e-03,
294,-3.968750e-03,3.968750e-03,
295,-3.968750e-03,3.968750e-03,
296,-3.968750e-03,3.968750e-03,
297,-3.968750e-03,3.968750e-03,
298,-3.968750e-03,3.968750e-03,
299,-3.968750e-03,3.968750e-03,
300,-3.968750e-03,3.968750e-03,
301,4.000000e-03,3.968750e-03,
302,4.000000e-03,3.968750e-03,
303,-3.968750e-03,3.968750e-03,
304,4.000000e-03,3.968750e-03,
305,4.000000e-03,3.968750e-03,
306,4.000000e-03,3.968750e-03,
307,4.000000e-03,3.968750e-03,
308,4.000000e-03,3.968750e-03,
309,4.000000e-03,3.968750e-03,
310,4.000000e-03,3.968750e-03,
311,4.000000e-03,3.968750e-03,
312,4.000000e-03,3.968750e-03,
313,4.000000e-03,3.968750e-03,
314,4.000000e-03,3.968750e-03,
315,4.000000e-03,3.968750e-03,
316,4.000000e-03,3.968750e-03,
317,4.000000e-03,3.968750e-03,
318,4.000000e-03,3.968750e-03,
319,4.000000e-03,3.968750e-03,
320,4.000000e-03,3.968750e-03,
321,4.000000e-03,3.968750e-03,
322,4.000000e-03,3.968750e-03,
323,4.000000e-03,3.968750e-03,
324,4.000000e-03,3.968750e-03,
325,4.000000e-03,3.968750e-03,
326,4.000000e-03,3.968750e-03,
327,4.000000e-03,3.968750e-03,
328,4.000000e-03,3.968750e-03,
329,4.000000e-03,3.968750e-03,
330,4.000000e-03,3.968750e-03,
331,4.000000e-03,3.968750e-03,
332,4.000000e-03,3.968750e-03,
333,4.000000e-03,3.968750e-03,
334,4.000000e-03,3.968750e-03,
335,4.000000e-03,3.968750e-03,
336,4.000000e-03,3.968750e-03,
337,4.000000e-03,3.968750e-03,
338,4.000000e-03,3.968750e-03,
339,4.000000e-03,3.968750e-03,
340,4.000000e-03,3.968750e-03,
341,4.000000e-03,-3.968750e-03,
342,4.000000e-03,-3.968750e-03,
343,4.000000e-03,3.968750e-03,
344,4.000000e-03,-3.968750e-03,
345,4.000000e-03,-3.968750e-03,
346,4.000000e-03,-3.968750e-03,
347,4.000000e-03,-3.968750e-03,
348,4.000000e-03,-3.968750e-03,
349,4.000000e-03,-3.968750e-03,
350,4.000000e-03,-3.968750e-03,
351,4.000000e-03,-3.968750e-03,
352,4.000000e-03,-3.968750e-03,
353,4.000000e-03,-3.968750e-03,
354,4.000000e-03,-3.968750e-03,
355,4.000000e-03,-3.968750e-03,
356,4.000000e-03,-3.968750e-03,
357,4.000000e-03,-3.968750e-03,
358,4.000000e-03,-3.968750e-03,
359,4.000000e-03,-3.968750e-03,
360,4.000000e-03,-3.968750e-03,
361,4.000000e-03,-3.968750e-03,
362,4.000000e-03,-3.968750e-03,
363,4.000000e-03,-3.968750e-03,
364,4.000000e-03,-3.968750e-03,
365,4.000000e-03,-3.968750e-03,
366,4.000000e-03,-3.968750e-03,
367,4.000000e-03,-3.968750e-03,
368,4.000000e-03,-3.968750e-03,
369,4.000000e-03,-3.968750e-03,
370,4.000000e-03,-3.968750e-03,
371,4.000000e-03,-3.968750e-03,
372,4.000000e-03,-3.968750e-03,
373,4.000000e-03,-3.968750e-03,
374,4.000000e-03,-3.968750e-03,
375,4.000000e-03,-3.968750e-03,
376,4.000000e-03,-3.968750e-03,
377,4.000000e-03,-3.968750e-03,
378,4.000000e-03,-3.968750e-03,
379,4.000000e-03,-3.968750e-03,
380,4.000000e-03,-3.968750e-03,
381,4.000000e-03,-3.968750e-03,
382,4.000000e-03,-3.968750e-03,
383,4.000000e-03,-3.968750e-03,
384,4.000000e-03,-3.968750e-03,
385,4.000000e-03,-3.968750e-03,
386,4.000000e-03,-3.968750e-03,
387,4.000000e-03,-3.968750e-03,
388,4.000000e-03,-3.968750e-03,
389,4.000000e-03,-3.968750e-03,
390,4.000000e-03,-3.968750e-03,
391,4.000000e-03,-3.968750e-03,
392,4.000000e-03,-3.968750e-03,
393,4.000000e-03,-3.968750e-03,
394,4.000000e-03,-3.968750e-03,
395,4.000000e-03,-3.968750e-03,
396,4.000000e-03,-3.968750e-03,
397,4.000000e-03,-3.968750e-03,
398,4.000000e-03,-3.968750e-03,
399,4.000000e-03,-3.968750e-03,
400,4.000000e-03,-3.968750e-03,
401,4.000000e-03,-3.968750e-03,
402,4.000000e-03,-3.968750e-03,
403,4.000000e-03,-3.968750e-03,
404,4.000000e-03,-3.968750e-03,
405,4.000000e-03,-3.968750e-03,
406,4.000000e-03,-3.968750e-03,
407,4.000000e-03,-3.968750e-03,
408,4.000000e-03,-3.968750e-03,
409,4.000000e-03,-3.968750e-03,
410,4.000000e-03,-3.968750e-03,
411,4.000000e-03,-3.968750e-03,
412,4.000000e-03,-3.968750e-03,
413,4.000000e-03,-3.968750e-03,
414,4.000000e-03,-3.968750e-03,
415,4.000000e-03,-3.968750e-03,
416,4.000000e-03,-3.968750e-03,
417,4.000000e-03,-3.968750e-03,
418,4.000000e-03,-3.968750e-03,
419,4.000000e-03,-3.968750e-03,
420,4.000000e-03,-3.968750e-03,
421,4.000000e-03,-3.968750e-03,
422,4.000000e-03,-3.968750e-03,
423,4.000000e-03,-3.968750e-03,
424,4.000000e-03,-3.968750e-03,
425,4.000000e-03,-3.968750e-03,
426,4.000000e-03,-3.968750e-03,
427,4.000000e-03,-3.968750e-03,
428,4.000000e-03,-3.968750e-03,
429,4.000000e-03,-3.968750e-03,
430,4.000000e-03,-3.968750e-03,
431,4.000000e-03,-3.968750e-03,
432,4.000000e-03,-3.968750e-03,
433,4.000000e-03,-3.968750e-03,
434,4.000000e-03,-3.968750e-03,
435,4.000000e-03,-3.968750e-03,
436,4.000000e-03,-3.968750e-03,
437,4.000000e-03,-3.968750e-03,
438,4.000000e-03,-3.968750e-03,
439,4.000000e-03,-3.968750e-03,
440,4.000000e-03,-3.968750e-03,
441,4.000000e-03,-3.968750e-03,
442,4.000000e-03,-3.968750e-03,
443,4.000000e-03,-3.968750e-03,
444,4.000000e-03,-3.968750e-03,
445,4.000000e-03,-3.968750e-03,
446,4.000000e-03,-3.968750e-03,
447,4.000000e-03,-3.968750e-03,
448,4.000000e-03,-3.968750e-03,
449,-3.968750e-03,-3.968750e-03,
450,-3.968750e-03,-3.968750e-03,
451,-3.968750e-03,-3.968750e-03,
452,-3.968750e-03,-3.968750e-03,
453,-3.968750e-03,-3.968750e-03,
454,-3.968750e-03,-3.968750e-03,
455,-3.968750e-03,-3.968750e-03,
456,-3.968750e-03,-3.968750e-03,
457,-3.968750e-03,-3.968750e-03,
458,-3.968750e-03,-3.968750e-03,
459,-3.968750e-03,-3.968750e-03,
460,-3.968750e-03,-3.968750e-03,
461,-3.968750e-03,-3.968750e-03,
462,-3.968750e-03,-3.968750e-03,
463,-3.968750e-03,-3.968750e-03,
464,-3.968750e-03,-3.968750e-03,
465,-3.968750e-03,-3.968750e-03,
466,-3.968750e-03,-3.968750e-03,
467,-3.968750e-03,-3.968750e-03,
468,-3.968750e-03,-3.968750e-03,
469,-3.968750e-03,-3.968750e-03,
470,-3.968750e-03,-3.968750e-03,
471,-3.968750e-03,-3.968750e-03,
472,-3.968750e-03,-3.968750e-03,
473,-3.968750e-03,-3.968750e-03,
474,-3.968750e-03,-3.968750e-03,
475,-3.968750e-03,-3.968750e-03,
476,-3.968750e-03,-3.968750e-03,
477,-3.968750e-03,-3.968750e-03,
478,-3.968750e-03,-3.968750e-03,
479,-3.968750e-03,-3.968750e-03,
480,-3.968750e-03,-3.968750e-03,
481,-3.968750e-03,-3.968750e-03,
482,-3.968750e-03,-3.968750e-03,
483,-3.968750e-03,-3.968750e-03,
484,-3.968750e-03,-3.968750e-03,
485,-3.968750e-03,-3.968750e-03,
486,-3.968750e-03,-3.968750e-03,
487,-3.968750e-03,-3.968750e-03,
488,-3.968750e-03,-3.968750e-03,
489,-3.968750e-03,-3.968750e-03,
490,-3.968750e-03,-3.968750e-03,
491,-3.968750e-03,-3.968750e-03,
492,-3.968750e-03,-3.968750e-03,
493,-3.968750e-03,-3.968750e-03,
494,-3.968750e-03,-3.968750e-03,
495,-3.968750e-03,-3.968750e-03,
496,-3.968750e-03,-3.968750e-03,
497,-3.968750e-03,-3.968750e-03,
498,-3.968750e-03,-3.968750e-03,
499,-3.968750e-03,-3.968750e-03,
500,-3.968750e-03,-3.968750e-03,
501,-3.968750e-03,-3.968750e-03,
502,-3.968750e-03,-3.968750e-03,
503,-3.968750e-03,-3.968750e-03,
504,-3.968750e-03,-3.968750e-03,
505,-3.968750e-03,-3.968750e-03,
506,-3.968750e-03,-3.968750e-03,
507,-3.968750e-03,-3.968750e-03,
508,-3.968750e-03,-3.968750e-03,
509,-3.968750e-03,-3.968750e-03,
510,-3.968750e-03,-3.968750e-03,
511,-3.968750e-03,-3.968750e-03,
512,-3.968750e-03,-3.968750e-03,
513,-3.968750e-03,-3.968750e-03,
514,-3.968750e-03,-3.968750e-03,
515,-3.968750e-03,-3.968750e-03,
516,-3.968750e-03,-3.968750e-03,
517,-3.968750e-03,-3.968750e-03,
518,-3.968750e-03,-3.968750e-03,
519,-3.968750e-03,-3.968750e-03,
520,-3.968750e-03,-3.968750e-03,
521,-3.968750e-03,-3.968750e-03,
522,-3.968750e-03,-3.968750e-03,
523,-3.968750e-03,-3.968750e-03,
524,-3.968750e-03,-3.968750e-03,
525,-3.968750e-03,-3.968750e-03,
526,-3.968750e-03,-3.968750e-03,
527,-3.968750e-03,-3.968750e-03,
528,-3.968750e-03,-3.968750e-03,
529,-3.968750e-03,-3.968750e-03,
530,-3.968750e-03,-3.968750e-03,
531,-3.968750e-03,-3.968750e-03,
532,-3.968750e-03,-3.968750e-03,
533,-3.968750e-03,-3.968750e-03,
534,-3.968750e-03,-3.968750e-03,
535,-3.968750e-03,-3.968750e-03,
536,-3.968750e-03,-3.968750e-03,
537,-3.968750e-03,-3.968750e-03,
538,-3.968750e-03,-3.968750e-03,
539,-3.968750e-03,-3.968750e-03,
540,-3.968750e-03,-3.968750e-03,
541,-3.968750e-03,-3.968750e-03,
542,-3.968750e-03,-3.968750e-03,
543,-3.968750e-03,3.968750e-03,
544,-3.968750e-03,3.968750e-03,
545,-3.968750e-03,-3.968750e-03,
546,-3.968750e-03,3.968750e-03,
547,-3.968750e-03,3.968750e-03,
548,-3.968750e-03,3.968750e-03,
549,-3.968750e-03,3.968750e-03,
550,-3.968750e-03,3.968750e-03,
551,-3.968750e-03,3.968750e-03,
552,-3.968750e-03,3.968750e-03,
553,-3.968750e-03,3.968750e-03,
554,-3.968750e-03,3.968750e-03,
555,-3.968750e-03,3.968750e-03,
556,-3.968750e-03,3.968750e-03,
557,-3.968750e-03,3.968750e-03,
558,-3.968750e-03,3.968750e-03,
559,-3.968750e-03,3.968750e-03,
560,-3.968750e-03,3.968750e-03,
561,-3.968750e-03,3.968750e-03,
562,-3.968750e-03,3.968750e-03,
563,-3.968750e-03,3.968750e-03,
564,-3.968750e-03,3.968750e-03,
565,-3.968750e-03,3.968750e-03,
566,-3.968750e-03,3.968750e-03,
567,-3.968750e-03,3.968750e-03,
568,-3.968750e-03,3.968750e-03,
569,-3.968750e-03,3.968750e-03,
570,-3.968750e-03,3.968750e-03,
571,-3.968750e-03,3.968750e-03,
572,-3.968750e-03,3.968750e-03,
573,-3.968750e-03,3.968750e-03,
574,-3.968750e-03,3.968750e-03,
575,-3.968750e-03,3.968750e-03,
576,-3.968750e-03,3.968750e-03,
577,-3.968750e-03,3.968750e-03,
578,-3.968750e-03,3.968750e-03,
579,-3.968750e-03,3.968750e-03,
580,-3.968750e-03,3.968750e-03,
581,-3.968750e-03,3.968750e-03,
582,-3.968750e-03,3.968750e-03,
583,-3.968750e-03,3.968750e-03,
584,-3.968750e-03,3.968750e-03,
585,-3.968750e-03,3.968750e-03,
586,-3.968750e-03,3.968750e-03,
587,-3.968750e-03,3.968750e-03,
588,-3.968750e-03,3.968750e-03,
589,-3.968750e-03,3.968750e-03,
590,-3.968750e-03,3.968750e-03,
591,-3.968750e-03,3.968750e-03,
592,-3.968750e-03,3.968750e-03,
593,-3.968750e-03,3.968750e-03,
594,-3.968750e-03,3.968750e-03,
595,-3.968750e-03,3.968750e-03,
596,-3.968750e-03,3.968750e-03,
597,-3.968750e-03,3.968750e-03,
598,-3.968750e-03,3.968750e-03,
599,-3.968750e-03,3.968750e-03,
600,-3.968750e-03,3.968750e-03,
601,-3.968750e-03,3.968750e-03,
602,-3.968750e-03,3.968750e-03,
603,-3.968750e-03,3.968750e-03,
604,-3.968750e-03,3.968750e-03,
605,-3.968750e-03,3.968750e-03,
606,-3.968750e-03,3.968750e-03,
607,-3.968750e-03,3.968750e-03,
608,-3.968750e-03,3.968750e-03,
609,-3.968750e-03,3.968750e-03,
610,-3.968750e-03,3.968750e-03,
611,-3.968750e-03,3.968750e-03,
612,-3.968750e-03,3.968750e-03,
613,-3.968750e-03,3.968750e-03,
614,-3.968750e-03,3.968750e-03,
615,-3.968750e-03,3.968750e-03,
616,-3.968750e-03,3.968750e-03,
617,-3.968750e-03,3.968750e-03,
618,-3.968750e-03,3.968750e-03,
619,-3.968750e-03,3.968750e-03,
620,-3.968750e-03,3.968750e-03,
621,-3.968750e-03,3.968750e-03,
622,-3.968750e-03,3.968750e-03,
623,-3.968750e-03,3.968750e-03,
624,-3.968750e-03,3.968750e-03,
625,-3.968750e-03,3.968750e-03,
626,-3.968750e-03,3.968750e-03,
627,-3.968750e-03,3.968750e-03,
628,-3.968750e-03,3.968750e-03,
629,-3.968750e-03,3.968750e-03,
630,-3.968750e-03,3.968750e-03,
631,-3.968750e-03,3.968750e-03,
632,-3.968750e-03,3.968750e-03,
633,-3.968750e-03,3.968750e-03,
634,-3.968750e-03,3.968750e-03,
635,-3.968750e-03,3.968750e-03,
636,-3.968750e-03,3.968750e-03,
637,-3.968750e-03,3.968750e-03,
638,-3.968750e-03,3.968750e-03,
639,-3.968750e-03,3.968750e-03,
640,-3.968750e-03,3.968750e-03,
641,-3.968750e-03,3.968750e-03,
642,-3.968750e-03,3.968750e-03,
643,-3.968750e-03,3.968750e-03,
644,-3.968750e-03,3.968750e-03,
645,-3.968750e-03,3.968750e-03,
646,-3.968750e-03,3.968750e-03,
647,-3.968750e-03,3.968750e-03,
648,-3.968750e-03,3.968750e-03,
649,-3.968750e-03,3.968750e-03,
650,-3.968750e-03,3.968750e-03,
651,-3.968750e-03,3.968750e-03,
652,-3.968750e-03,3.968750e-03,
653,-3.968750e-03,3.968750e-03,
654,-3.968750e-03,3.968750e-03,
655,-3.968750e-03,3.968750e-03,
656,-3.968750e-03,3.968750e-03,
657,-3.968750e-03,3.968750e-03,
658,-3.968750e-03,3.968750e-03,
659,-3.968750e-03,3.968750e-03,
660,-3.968750e-03,3.968750e-03,
661,-3.968750e-03,3.968750e-03,
662,-3.968750e-03,3.968750e-03,
663,-3.968750e-03,3.968750e-03,
664,-3.968750e-03,3.968750e-03,
665,-3.968750e-03,3.968750e-03,
666,-3.968750e-03,3.968750e-03,
667,-3.968750e-03,3.968750e-03,
668,-3.968750e-03,3.968750e-03,
669,-3.968750e-03,3.968750e-03,
670,-3.968750e-03,3.968750e-03,
671,-3.968750e-03,3.968750e-03,
672,-3.968750e-03,3.968750e-03,
673,-3.968750e-03,3.968750e-03,
674,-3.968750e-03,3.968750e-03,
675,-3.968750e-03,3.968750e-03,
676,-3.968750e-03,3.968750e-03,
677,-3.968750e-03,3.968750e-03,
678,-3.968750e-03,3.968750e-03,
679,-3.968750e-03,3.968750e-03,
680,-3.968750e-03,3.968750e-03,
681,-3.968750e-03,3.968750e-03,
682,-3.968750e-03,3.968750e-03,
683,-3.968750e-03,3.968750e-03,
684,-3.968750e-03,3.968750e-03,
685,-3.968750e-03,3.968750e-03,
686,-3.968750e-03,3.968750e-03,
687,-3.968750e-03,3.968750e-03,
688,-3.968750e-03,3.968750e-03,
689,-3.968750e-03,3.968750e-03,
690,-3.968750e-03,3.968750e-03,
691,-3.968750e-03,3.968750e-03,
692,-3.968750e-03,3.968750e-03,
693,-3.968750e-03,3.968750e-03,
694,-3.968750e-03,3.968750e-03,
695,-3.968750e-03,3.968750e-03,
696,-3.968750e-03,3.968750e-03,
697,-3.968750e-03,3.968750e-03,
698,-3.968750e-03,3.968750e-03,
699,-3.968750e-03,3.968750e-03,
700,-3.968750e-03,3.968750e-03,
701,4.000000e-03,3.968750e-03,
702,-2.968750e-03,3.968750e-03,
703,4.000000e-03,3.968750e-03,
704,4.000000e-03,3.968750e-03,
705,4.000000e-03,3.968750e-03,
706,4.000000e-03,3.968750e-03,
707,4.000000e-03,3.968750e-03,
708,4.000000e-03,3.968750e-03,
709,4.000000e-03,3.968750e-03,
710,4.000000e-03,3.968750e-03,
711,4.000000e-03,3.968750e-03,
712,4.000000e-03,3.968750e-03,
713,4.000000e-03,3.968750e-03,
714,4.000000e-03,3.968750e-03,
715,4.000000e-03,3.968750e-03,
716,4.000000e-03,3.968750e-03,
717,4.000000e-03,3.968750e-03,
718,4.000000e-03,3.968750e-03,
719,4.000000e-03,3.968750e-03,
720,4.000000e-03,3.968750e-03,
721,4.000000e-03,3.968750e-03,
722,4.000000e-03,3.968750e-03,
723,4.000000e-03,3.968750e-03,
724,4.000000e-03,3.968750e-03,
725,4.000000e-03,3.968750e-03,
726,4.000000e-03,3.968750e-03,
727,4.000000e-03,3.968750e-03,
728,4.000000e-03,3.968750e-03,
729,4.000000e-03,3.968750e-03,
730,4.000000e-03,3.968750e-03,
731,4.000000e-03,3.968750e-03,
732,4.000000e-03,3.968750e-03,
733,4.000000e-03,3.968750e-03,
734,4.000000e-03,3.968750e-03,
735,4.000000e-03,3.968750e-03,
736,4.000000e-03,3.968750e-03,
737,4.000000e-03,3.968750e-03,
738,4.000000e-03,3.968750e-03,
739,4.000000e-03,3.968750e-03,
740,4.000000e-03,3.968750e-03,
741,4.000000e-03,-3.968750e-03,
742,4.000000e-03,-3.968750e-03,
743,4.000000e-03,3.968750e-03,
744,4.000000e-03,-3.968750e-03,
745,4.000000e-03,-3.968750e-03,
746,4.000000e-03,-3.968750e-03,
747,4.000000e-03,-3.968750e-03,
748,4.000000e-03,-3.968750e-03,
749,4.000000e-03,-3.968750e-03,
750,4.000000e-03,-3.968750e-03,
751,4.000000e-03,-3.968750e-03,
752,4.000000e-03,-3.968750e-03,
753,4.000000e-03,-3.968750e-03,
754,4.000000e-03,-3.968750e-03,
755,4.000000e-03,-3.968750e-03,
756,4.000000e-03,-3.968750e-03,
757,4.000000e-03,-3.968750e-03,
758,4.000000e-03,-3.968750e-03,
759,4.000000e-03,-3.968750e-03,
760,4.000000e-03,-3.968750e-03,
761,4.000000e-03,-3.968750e-03,
762,4.000000e-03,-3.968750e-03,
763,4.000000e-03,-3.968750e-03,
764,4.000000e-03,-3.968750e-03,
765,4.000000e-03,-3.968750e-03,
766,4.000000e-03,-3.968750e-03,
767,4.000000e-03,-3.968750e-03,
768,4.000000e-03,-3.968750e-03,
769,4.000000e-03,-3.968750e-03,
770,4.000000e-03,-3.968750e-03,
771,4.000000e-03,-3.968750e-03,
772,4.000000e-03,-3.968750e-03,
773,4.000000e-03,-3.968750e-03,
774,4.000000e-03,-3.968750e-03,
775,4.000000e-03,-3.968750e-03,
776,4.000000e-03,-3.968750e-03,
777,4.000000e-03,-3.968750e-03,
778,4.000000e-03,-3.968750e-03,
779,4.000000e-03,-3.968750e-03,
780,4.000000e-03,-3.968750e-03,
781,4.000000e-03,-3.968750e-03,
782,4.000000e-03,-3.968750e-03,
783,4.000000e-03,-3.968750e-03,
784,4.000000e-03,-3.968750e-03,
785,4.000000e-03,-3.968750e-03,
786,4.000000e-03,-3.968750e-03,
787,4.000000e-03,-3.968750e-03,
788,4.000000e-03,-3.968750e-03,
789,4.000000e-03,-3.968750e-03,
790,4.000000e-03,-3.968750e-03,
791,4.000000e-03,-3.968750e-03,
792,4.000000e-03,-3.968750e-03,
793,4.000000e-03,-3.968750e-03,
794,4.000000e-03,-3.968750e-03,
795,4.000000e-03,-3.968750e-03,
796,4.000000e-03,-3.968750e-03,
797,4.000000e-03,-3.968750e-03,
798,4.000000e-03,-3.968750e-03,
799,4.000000e-03,-3.968750e-03,
800,4.000000e-03,-3.968750e-03,
801,4.000000e-03,-3.968750e-03,
802,4.000000e-03,-3.968750e-03,
803,4.000000e-03,-3.968750e-03,
804,4.000000e-03,-3.968750e-03,
805,4.000000e-03,-3.968750e-03,
806,4.000000e-03,-3.968750e-03,
807,4.000000e-03,-3.968750e-03,
808,4.000000e-03,-3.968750e-03,
809,4.000000e-03,-3.968750e-03,
810,4.000000e-03,-3.968750e-03,
811,4.000000e-03,-3.968750e-03,
812,4.000000e-03,-3.968750e-03,
813,4.000000e-03,-3.968750e-03,
814,4.000000e-03,-3.968750e-03,
815,4.000000e-03,-3.968750e-03,
816,4.000000e-03,-3.968750e-03,
817,4.000000e-03,-3.968750e-03,
818,4.000000e-03,-3.968750e-03,
819,4.000000e-03,-3.968750e-03,
820,4.000000e-03,-3.968750e-03,
821,4.000000e-03,-3.968750e-03,
822,4.000000e-03,-3.968750e-03,
823,4.000000e-03,-3.968750e-03,
824,4.000000e-03,-3.968750e-03,
825,4.000000e-03,-3.968750e-03,
826,4.000000e-03,-3.968750e-03,
827,4.000000e-03,-3.968750e-03,
828,4.000000e-03,-3.968750e-03,
829,4.000000e-03,-3.968750e-03,
830,4.000000e-03,-3.968750e-03,
831,4.000000e-03,-3.968750e-03,
832,4.000000e-03,-3.968750e-03,
833,4.000000e-03,-3.968750e-03,
834,4.000000e-03,-3.968750e-03,
835,4.000000e-03,-3.968750e-03,
836,4.000000e-03,-3.968750e-03,
837,4.000000e-03,-3.968750e-03,
838,4.000000e-03,-3.968750e-03,
839,4.000000e-03,-3.968750e-03,
840,4.000000e-03,-3.968750e-03,
841,4.000000e-03,-3.968750e-03,
842,4.000000e-03,-3.968750e-03,
843,4.000000e-03,-3.968750e-03,
844,4.000000e-03,-3.968750e-03,
845,4.000000e-03,-3.968750e-03,
846,4.000000e-03,-3.968750e-03,
847,4.000000e-03,-3.968750e-03,
848,4.000000e-03,-3.968750e-03,
849,-3.968750e-03,-3.968750e-03,
850,-3.968750e-03,-3.968750e-03,
851,-3.968750e-03,-3.968750e-03,
852,-3.968750e-03,-3.968750e-03,
853,-3.968750e-03,-3.968750e-03,
854,-3.968750e-03,-3.968750e-03,
855,-3.968750e-03,-3.968750e-03,
856,-3.968750e-03,-3.968750e-03,
857,-3.968750e-03,-3.968750e-03,
858,-3.968750e-03,-3.968750e-03,
859,-3.968750e-03,-3.968750e-03,
860,-3.968750e-03,-3.968750e-03,
861,-3.968750e-03,-3.968750e-03,
862,-3.968750e-03,-3.968750e-03,
863,-3.968750e-03,-3.968750e-03,
864,-3.968750e-03,-3.968750e-03,
865,-3.968750e-03,-3.968750e-03,
866,-3.968750e-03,-3.968750e-03,
867,-3.968750e-03,-3.968750e-03,
868,-3.968750e-03,-3.968750e-03,
869,-3.968750e-03,-3.968750e-03,
870,-3.968750e-03,-3.968750e-03,
871,-3.968750e-03,-3.968750e-03,
872,-3.968750e-03,-3.968750e-03,
873,-3.968750e-03,-3.968750e-03,
874,-3.968750e-03,-3.968750e-03,
875,-3.968750e-03,-3.968750e-03,
876,-3.968750e-03,-3.968750e-03,
877,-3.968750e-03,-3.968750e-03,
878,-3.968750e-03,-3.968750e-03,
879,-3.968750e-03,-3.968750e-03,
880,-3.968750e-03,-3.968750e-03,
881,-3.968750e-03,-3.968750e-03,
882,-3.968750e-03,-3.968750e-03,
883,-3.968750e-03,-3.968750e-03,
884,-3.968750e-03,-3.968750e-03,
885,-3.968750e-03,-3.968750e-03,
886,-3.968750e-03,-3.968750e-03,
887,-3.968750e-03,-3.968750e-03,
888,-3.968750e-03,-3.968750e-03,
889,-3.968750e-03,-3.968750e-03,
890,-3.968750e-03,-3.968750e-03,
891,-3.968750e-03,-3.968750e-03,
892,-3.968750e-03,-3.968750e-03,
893,-3.968750e-03,-3.968750e-03,
894,-3.968750e-03,-3.968750e-03,
895,-3.968750e-03,-3.968750e-03,
896,-3.968750e-03,-3.968750e-03,
897,-3.968750e-03,-3.968750e-03,
898,-3.968750e-03,-3.968750e-03,
899,-3.968750e-03,-3.968750e-03,
900,-3.968750e-03,-3.968750e-03,
901,-3.968750e-03,-3.968750e-03,
902,-3.968750e-03,-3.968750e-03,
903,-3.968750e-03,-3.968750e-03,
904,-3.968750e-03,-3.968750e-03,
905,-3.968750e-03,-3.968750e-03,
906,-3.968750e-03,-3.968750e-03,
907,-3.968750e-03,-3.968750e-03,
908,-3.968750e-03,-3.968750e-03,
909,-3.968750e-03,-3.968750e-03,
910,-3.968750e-03,-3.968750e-03,
911,-3.968750e-03,-3.968750e-03,
912,-3.968750e-03,-3.968750e-03,
913,-3.968750e-03,-3.968750e-03,
914,-3.968750e-03,-3.968750e-03,
915,-3.968750e-03,-3.968750e-03,
916,-3.968750e-03,-3.968750e-03,
917,-3.968750e-03,-3.968750e-03,
918,-3.968750e-03,-3.968750e-03,
919,-3.968750e-03,-3.968750e-03,
920,-3.968750e-03,-3.968750e-03,
921,-3.968750e-03,-3.968750e-03,
922,-3.968750e-03,-3.968750e-03,
923,-3.968750e-03,-3.968750e-03,
924,-3.968750e-03,-3.968750e-03,
925,-3.968750e-03,-3.968750e-03,
926,-3.968750e-03,-3.968750e-03,
927,-3.968750e-03,-3.968750e-03,
928,-3.968750e-03,-3.968750e-03,
929,-3.968750e-03,-3.968750e-03,
930,-3.968750e-03,-3.968750e-03,
931,-3.968750e-03,-3.968750e-03,
932,-3.968750e-03,-3.968750e-03,
933,-3.968750e-03,-3.968750e-03,
934,-3.968750e-03,-3.968750e-03,
935,-3.968750e-03,-3.968750e-03,
936,-3.968750e-03,-3.968750e-03,
937,-3.968750e-03,-3.968750e-03,
938,-3.968750e-03,-3.968750e-03,
939,-3.968750e-03,-3.968750e-03,
940,-3.968750e-03,-3.968750e-03,
941,-3.968750e-03,-3.968750e-03,
942,-3.968750e-03,-3.968750e-03,
943,-3.968750e-03,3.968750e-03,
944,-3.968750e-03,3.968750e-03,
945,-3.968750e-03,-3.968750e-03,
946,-3.968750e-03,3.968750e-03,
947,-3.968750e-03,3.968750e-03,
948,-3.968750e-03,3.968750e-03,
949,-3.968750e-03,3.968750e-03,
950,-3.968750e-03,3.968750e-03,
951,-3.968750e-03,3.968750e-03,
952,-3.968750e-03,3.968750e-03,
953,-3.968750e-03,3.968750e-03,
954,-3.968750e-03,3.968750e-03,
955,-3.968750e-03,3.968750e-03,
956,-3.968750e-03,3.968750e-03,
957,-3.968750e-03,3.968750e-03,
958,-3.968750e-03,3.968750e-03,
959,-3.968750e-03,3.968750e-03,
960,-3.968750e-03,3.968750e-03,
961,-3.968750e-03,3.968750e-03,
962,-3.968750e-03,3.968750e-03,
963,-3.968750e-03,3.968750e-03,
964,-3.968750e-03,3.968750e-03,
965,-3.968750e-03,3.968750e-03,
966,-3.968750e-03,3.968750e-03,
967,-3.968750e-03,3.968750e-03,
968,-3.968750e-03,3.968750e-03,
969,-3.968750e-03,3.968750e-03,
970,-3.968750e-03,3.968750e-03,
971,-3.968750e-03,3.968750e-03,
972,-3.968750e-03,3.968750e-03,
973,-3.968750e-03,3.968750e-03,
974,-3.968750e-03,3.968750e-03,
975,-3.968750e-03,3.968750e-03,
976,-3.968750e-03,3.968750e-03,
977,-3.968750e-03,3.968750e-03,
978,-3.968750e-03,3.968750e-03,
979,-3.968750e-03,3.968750e-03,
980,-3.968750e-03,3.968750e-03,
981,-3.968750e-03,3.968750e-03,
982,-3.968750e-03,3.968750e-03,
983,-3.968750e-03,3.968750e-03,
984,-3.968750e-03,3.968750e-03,
985,-3.968750e-03,3.968750e-03,
986,-3.968750e-03,3.968750e-03,
987,-3.968750e-03,3.968750e-03,
988,-3.968750e-03,3.968750e-03,
989,-3.968750e-03,3.968750e-03,
990,-3.968750e-03,3.968750e-03,
991,-3.968750e-03,3.968750e-03,
992,-3.968750e-03,3.968750e-03,
993,-3.968750e-03,3.968750e-03,
994,-3.968750e-03,3.968750e-03,
995,-3.968750e-03,3.968750e-03,
996,-3.968750e-03,3.968750e-03,
997,-3.968750e-03,3.968750e-03,
998,-3.968750e-03,3.968750e-03,
999,-3.968750e-03,3.968750e-03,
1000,-3.968750e-03,3.968750e-03,
1001,-3.968750e-03,3.968750e-03,
1002,-3.968750e-03,3.968750e-03,
1003,-3.968750e-03,3.968750e-03,
1004,-3.968750e-03,3.968750e-03,
1005,-3.968750e-03,3.968750e-03,
1006,-3.968750e-03,3.968750e-03,
1007,-3.968750e-03,3.968750e-03,
1008,-3.968750e-03,3.968750e-03,
1009,-3.968750e-03,3.968750e-03,
1010,-3.968750e-03,3.968750e-03,
1011,-3.968750e-03,3.968750e-03,
1012,-3.968750e-03,3.968750e-03,
1013,-3.968750e-03,3.968750e-03,
1014,-3.968750e-03,3.968750e-03,
1015,-3.968750e-03,3.968750e-03,
1016,-3.968750e-03,3.968750e-03,
1017,-3.968750e-03,3.968750e-03,
1018,-3.968750e-03,3.968750e-03,
1019,-3.968750e-03,3.968750e-03,
1020,-3.968750e-03,3.968750e-03,
1021,-3.968750e-03,3.968750e-03,
1022,-3.968750e-03,3.968750e-03,
1023,-3.968750e-03,3.968750e-03,
1024,-3.968750e-03,3.968750e-03,
1025,-3.968750e-03,3.968750e-03,
1026,-3.968750e-03,3.968750e-03,
1027,-3.968750e-03,3.968750e-03,
1028,-3.968750e-03,3.968750e-03,
1029,-3.968750e-03,3.968750e-03,
1030,-3.968750e-03,3.968750e-03,
1031,-3.968750e-03,3.968750e-03,
1032,-3.968750e-03,3.968750e-03,
1033,-3.968750e-03,3.968750e-03,
1034,-3.968750e-03,3.968750e-03,
1035,-3.968750e-03,3.968750e-03,
1036,-3.968750e-03,3.968750e-03,
1037,-3.968750e-03,3.968750e-03,
1038,-3.968750e-03,3.968750e-03,
1039,-3.968750e-03,3.968750e-03,
1040,-3.968750e-03,3.968750e-03,
1041,-3.968750e-03,3.968750e-03,
1042,-3.968750e-03,3.968750e-03,
1043,-3.968750e-03,3.968750e-03,
1044,-3.968750e-03,3.968750e-03,
1045,-3.968750e-03,3.968750e-03,
1046,-3.968750e-03,3.968750e-03,
1047,-3.968750e-03,3.968750e-03,
1048,-3.968750e-03,3.968750e-03,
1049,-3.968750e-03,3.968750e-03,
1050,-3.968750e-03,3.968750e-03,
1051,-3.968750e-03,3.968750e-03,
1052,-3.968750e-03,3.968750e-03,
1053,-3.968750e-03,3.968750e-03,
1054,-3.968750e-03,3.968750e-03,
1055,-3.968750e-03,3.968750e-03,
1056,-3.968750e-03,3.968750e-03,
1057,-3.968750e-03,3.968750e-03,
1058,-3.968750e-03,3.968750e-03,
1059,-3.968750e-03,3.968750e-03,
1060,-3.968750e-03,3.968750e-03,
1061,-3.968750e-03,3.968750e-03,
1062,-3.968750e-03,3.968750e-03,
1063,-3.968750e-03,3.968750e-03,
1064,-3.968750e-03,3.968750e-03,
1065,-3.968750e-03,3.968750e-03,
1066,-3.968750e-03,3.968750e-03,
1067,-3.968750e-03,3.968750e-03,
1068,-3.968750e-03,3.968750e-03,
1069,-3.968750e-03,3.968750e-03,
1070,-3.968750e-03,3.968750e-03,
1071,-3.968750e-03,3.968750e-03,
1072,-3.968750e-03,3.968750e-03,
1073,-3.968750e-03,3.968750e-03,
1074,-3.968750e-03,3.968750e-03,
1075,-3.968750e-03,3.968750e-03,
1076,-3.968750e-03,3.968750e-03,
1077,-3.968750e-03,3.968750e-03,
1078,-3.968750e-03,3.968750e-03,
1079,-3.968750e-03,3.968750e-03,
1080,-3.968750e-03,3.968750e-03,
1081,-3.968750e-03,3.968750e-03,
1082,-3.968750e-03,3.968750e-03,
1083,-3.968750e-03,3.968750e-03,
1084,-3.968750e-03,3.968750e-03,
1085,-3.968750e-03,3.968750e-03,
1086,-3.968750e-03,3.968750e-03,
1087,-3.968750e-03,3.968750e-03,
1088,-3.968750e-03,3.968750e-03,
1089,-3.968750e-03,3.968750e-03,
1090,-3.968750e-03,3.968750e-03,
1091,-3.968750e-03,3.968750e-03,
1092,-3.968750e-03,3.968750e-03,
1093,-3.968750e-03,3.968750e-03,
1094,-3.968750e-03,3.968750e-03,
1095,-3.968750e-03,3.968750e-03,
1096,-3.968750e-03,3.968750e-03,
1097,-3.968750e-03,3.968750e-03,
1098,-3.968750e-03,3.968750e-03,
1099,-3.968750e-03,3.968750e-03,
1100,-3.968750e-03,3.968750e-03,
1101,4.000000e-03,3.968750e-03,
1102,-3.968750e-03,3.968750e-03,
1103,4.000000e-03,3.968750e-03,
1104,4.000000e-03,3.968750e-03,
1105,4.000000e-03,3.968750e-03,
1106,4.000000e-03,3.968750e-03,
1107,4.000000e-03,3.968750e-03,
1108,4.000000e-03,3.968750e-03,
1109,4.000000e-03,3.968750e-03,
1110,4.000000e-03,3.968750e-03,
1111,4.000000e-03,3.968750e-03,
1112,4.000000e-03,3.968750e-03,
1113,4.000000e-03,3.968750e-03,
1114,4.000000e-03,3.968750e-03,
1115,4.000000e-03,3.968750e-03,
1116,4.000000e-03,3.968750e-03,
1117,4.000000e-03,3.968750e-03,
1118,4.000000e-03,3.968750e-03,
1119,4.000000e-03,3.968750e-03,
1120,4.000000e-03,3.968750e-03,
1121,4.000000e-03,3.968750e-03,
1122,4.000000e-03,3.968750e-03,
1123,4.000000e-03,3.968750e-03,
1124,4.000000e-03,3.968750e-03,
1125,4.000000e-03,3.968750e-03,
1126,4.000000e-03,3.968750e-03,
1127,4.000000e-03,3.968750e-03,
1128,4.000000e-03,3.968750e-03,
1129,4.000000e-03,3.968750e-03,
1130,4.000000e-03,3.968750e-03,
1131,4.000000e-03,3.968750e-03,
1132,4.000000e-03,3.968750e-03,
1133,4.000000e-03,3.968750e-03,
1134,4.000000e-03,3.968750e-03,
1135,4.000000e-03,3.968750e-03,
1136,4.000000e-03,3.968750e-03,
1137,4.000000e-03,3.968750e-03,
1138,4.000000e-03,3.968750e-03,
1139,4.000000e-03,3.968750e-03,
1140,4.000000e-03,3.968750e-03,
1141,4.000000e-03,-3.968750e-03,
1142,4.000000e-03,-3.968750e-03,
1143,4.000000e-03,3.968750e-03,
1144,4.000000e-03,-3.968750e-03,
1145,4.000000e-03,-3.968750e-03,
1146,4.000000e-03,-3.968750e-03,
1147,4.000000e-03,-3.968750e-03,
1148,4.000000e-03,-3.968750e-03,
1149,4.000000e-03,-3.968750e-03,
1150,4.000000e-03,-3.968750e-03,
1151,4.000000e-03,-3.968750e-03,
1152,4.000000e-03,-3.968750e-03,
1153,4.000000e-03,-3.968750e-03,
1154,4.000000e-03,-3.968750e-03,
1155,4.000000e-03,-3.968750e-03,
1156,4.000000e-03,-3.968750e-03,
1157,4.000000e-03,-3.968750e-03,
1158,4.000000e-03,-3.968750e-03,
1159,4.000000e-03,-3.968750e-03,
1160,4.000000e-03,-3.968750e-03,
1161,4.000000e-03,-3.968750e-03,
1162,4.000000e-03,-3.968750e-03,
1163,4.000000e-03,-3.968750e-03,
1164,4.000000e-03,-3.968750e-03,
1165,4.000000e-03,-3.968750e-03,
1166,4.000000e-03,-3.968750e-03,
1167,4.000000e-03,-3.968750e-03,
1168,4.000000e-03,-3.968750e-03,
1169,4.000000e-03,-3.968750e-03,
1170,4.000000e-03,-3.968750e-03,
1171,4.000000e-03,-3.968750e-03,
1172,4.000000e-03,-3.968750e-03,
1173,4.000000e-03,-3.968750e-03,
1174,4.000000e-03,-3.968750e-03,
1175,4.000000e-03,-3.968750e-03,
1176,4.000000e-03,-3.968750e-03,
1177,4.000000e-03,-3.968750e-03,
1178,4.000000e-03,-3.968750e-03,
1179,4.000000e-03,-3.968750e-03,
1180,4.000000e-03,-3.968750e-03,
1181,4.000000e-03,-3.968750e-03,
1182,4.000000e-03,-3.968750e-03,
1183,4.000000e-03,-3.968750e-03,
1184,4.000000e-03,-3.968750e-03,
1185,4.000000e-03,-3.968750e-03,
1186,4.000000e-03,-3.968750e-03,
1187,4.000000e-03,-3.968750e-03,
1188,4.000000e-03,-3.968750e-03,
1189,4.000000e-03,-3.968750e-03,
1190,4.000000e-03,-3.968750e-03,
1191,4.000000e-03,-3.968750e-03,
1192,4.000000e-03,-3.968750e-03,
1193,4.000000e-03,-3.968750e-03,
1194,4.000000e-03,-3.968750e-03,
1195,4.000000e-03,-3.968750e-03,
1196,4.000000e-03,-3.968750e-03,
1197,4.000000e-03,-3.968750e-03,
1198,4.000000e-03,-3.968750e-03,
1199,4.000000e-03,-3.968750e-03,
1200,4.000000e-03,-3.968750e-03,
1201,4.000000e-03,-3.968750e-03,
1202,4.000000e-03,-3.968750e-03,
1203,4.000000e-03,-3.968750e-03,
1204,4.000000e-03,-3.968750e-03,
1205,4.000000e-03,-3.968750e-03,
1206,4.000000e-03,-3.968750e-03,
1207,4.000000e-03,-3.968750e-03,
1208,4.000000e-03,-3.968750e-03,
1209,4.000000e-03,-3.968750e-03,
1210,4.000000e-03,-3.968750e-03,
1211,4.000000e-03,-3.968750e-03,
1212,4.000000e-03,-3.968750e-03,
1213,4.000000e-03,-3.968750e-03,
1214,4.000000e-03,-3.968750e-03,
1215,4.000000e-03,-3.968750e-03,
1216,4.000000e-03,-3.968750e-03,
1217,4.000000e-03,-3.968750e-03,
1218,4.000000e-03,-3.968750e-03,
1219,4.000000e-03,-3.968750e-03,
1220,4.000000e-03,-3.968750e-03,
1221,4.000000e-03,-3.968750e-03,
1222,4.000000e-03,-3.968750e-03,
1223,4.000000e-03,-3.968750e-03,
1224,4.000000e-03,-3.968750e-03,
1225,4.000000e-03,-3.968750e-03,
1226,4.000000e-03,-3.968750e-03,
1227,4.000000e-03,-3.968750e-03,
1228,4.000000e-03,-3.968750e-03,
1229,4.000000e-03,-3.968750e-03,
1230,4.000000e-03,-3.968750e-03,
1231,4.000000e-03,-3.968750e-03,
1232,4.000000e-03,-3.968750e-03,
1233,4.000000e-03,-3.968750e-03,
1234,4.000000e-03,-3.968750e-03,
1235,4.000000e-03,-3.968750e-03,
1236,4.000000e-03,-3.968750e-03,
1237,4.000000e-03,-3.968750e-03,
1238,4.000000e-03,-3.968750e-03,
1239,4.000000e-03,-3.968750e-03,
1240,4.000000e-03,-3.968750e-03,
1241,4.000000e-03,-3.968750e-03,
1242,4.000000e-03,-3.968750e-03,
1243,4.000000e-03,-3.968750e-03,
1244,4.000000e-03,-3.968750e-03,
1245,4.000000e-03,-3.968750e-03,
1246,4.000000e-03,-3.968750e-03,
1247,4.000000e-03,-3.968750e-03,
1248,4.000000e-03,-3.968750e-03,
1249,-3.968750e-03,-3.968750e-03,
1250,-3.968750e-03,-3.968750e-03,
1251,-3.968750e-03,-3.968750e-03,
1252,-3.968750e-03,-3.968750e-03,
1253,-3.968750e-03,-3.968750e-03,
1254,-3.968750e-03,-3.968750e-03,
1255,-3.968750e-03,-3.968750e-03,
1256,-3.968750e-03,-3.968750e-03,
1257,-3.968750e-03,-3.968750e-03,
1258,-3.968750e-03,-3.968750e-03,
1259,-3.968750e-03,-3.968750e-03,
1260,-3.968750e-03,-3.968750e-03,
1261,-3.968750e-03,-3.968750e-03,
1262,-3.968750e-03,-3.968750e-03,
1263,-3.968750e-03,-3.968750e-03,
1264,-3.968750e-03,-3.968750e-03,
1265,-3.968750e-03,-3.968750e-03,
1266,-3.968750e-03,-3.968750e-03,
1267,-3.968750e-03,-3.968750e-03,
1268,-3.968750e-03,-3.968750e-03,
1269,-3.968750e-03,-3.968750e-03,
1270,-3.968750e-03,-3.968750e-03,
1271,-3.968750e-03,-3.968750e-03,
1272,-3.968750e-03,-3.968750e-03,
1273,-3.968750e-03,-3.968750e-03,
1274,-3.968750e-03,-3.968750e-03,
1275,-3.968750e-03,-3.968750e-03,
1276,-3.968750e-03,-3.968750e-03,
1277,-3.968750e-03,-3.968750e-03,
1278,-3.968750e-03,-3.968750e-03,
1279,-3.968750e-03,-3.968750e-03,
1280,-3.968750e-03,-3.968750e-03,
1281,-3.968750e-03,-3.968750e-03,
1282,-3.968750e-03,-3.968750e-03,
1283,-3.968750e-03,-3.968750e-03,
1284,-3.968750e-03,-3.968750e-03,
1285,-3.968750e-03,-3.968750e-03,
1286,-3.968750e-03,-3.968750e-03,
1287,-3.968750e-03,-3.968750e-03,
1288,-3.968750e-03,-3.968750e-03,
1289,-3.968750e-03,-3.968750e-03,
1290,-3.968750e-03,-3.968750e-03,
1291,-3.968750e-03,-3.968750e-03,
1292,-3.968750e-03,-3.968750e-03,
1293,-3.968750e-03,-3.968750e-03,
1294,-3.968750e-03,-3.968750e-03,
1295,-3.968750e-03,-3.968750e-03,
1296,-3.968750e-03,-3.968750e-03,
1297,-3.968750e-03,-3.968750e-03,
1298,-3.968750e-03,-3.968750e-03,
1299,-3.968750e-03,-3.968750e-03,
1300,-3.968750e-03,-3.968750e-03,
1301,-3.968750e-03,-3.968750e-03,
1302,-3.968750e-03,-3.968750e-03,
1303,-3.968750e-03,-3.968750e-03,
1304,-3.968750e-03,-3.968750e-03,
1305,-3.968750e-03,-3.968750e-03,
1306,-3.968750e-03,-3.968750e-03,
1307,-3.968750e-03,-3.968750e-03,
1308,-3.968750e-03,-3.968750e-03,
1309,-3.968750e-03,-3.968750e-03,
1310,-3.968750e-03,-3.968750e-03,
1311,-3.968750e-03,-3.968750e-03,
1312,-3.968750e-03,-3.968750e-03,
1313,-3.968750e-03,-3.968750e-03,
1314,-3.968750e-03,-3.968750e-03,
1315,-3.968750e-03,-3.968750e-03,
1316,-3.968750e-03,-3.968750e-03,
1317,-3.968750e-03,-3.968750e-03,
1318,-3.968750e-03,-3.968750e-03,
1319,-3.968750e-03,-3.968750e-03,
1320,-3.968750e-03,-3.968750e-03,
1321,-3.968750e-03,-3.968750e-03,
1322,-3.968750e-03,-3.968750e-03,
1323,-3.968750e-03,-3.968750e-03,
1324,-3.968750e-03,-3.968750e-03,
1325,-3.968750e-03,-3.968750e-03,
1326,-3.968750e-03,-3.968750e-03,
1327,-3.968750e-03,-3.968750e-03,
1328,-3.968750e-03,-3.968750e-03,
1329,-3.968750e-03,-3.968750e-03,
1330,-3.968750e-03,-3.968750e-03,
1331,-3.968750e-03,-3.968750e-03,
1332,-3.968750e-03,-3.968750e-03,
1333,-3.968750e-03,-3.968750e-03,
1334,-3.968750e-03,-3.968750e-03,
1335,-3.968750e-03,-3.968750e-03,
1336,-3.968750e-03,-3.968750e-03,
1337,-3.968750e-03,-3.968750e-03,
1338,-3.968750e-03,-3.968750e-03,
1339,-3.968750e-03,-3.968750e-03,
1340,-3.968750e-03,-3.968750e-03,
1341,-3.968750e-03,-3.968750e-03,
1342,-3.968750e-03,-3.968750e-03,
1343,-3.968750e-03,3.968750e-03,
1344,-3.968750e-03,3.968750e-03,
1345,-3.968750e-03,-3.968750e-03,
1346,-3.968750e-03,3.968750e-03,
1347,-3.968750e-03,3.968750e-03,
1348,-3.968750e-03,3.968750e-03,
1349,-3.968750e-03,3.968750e-03,
1350,-3.968750e-03,3.968750e-03,
1351,-3.968750e-03,3.968750e-03,
1352,-3.968750e-03,3.968750e-03,
1353,-3.968750e-03,3.968750e-03,
1354,-3.968750e-03,3.968750e-03,
1355,-3.968750e-03,3.968750e-03,
1356,-3.968750e-03,3.968750e-03,
1357,-3.968750e-03,3.968750e-03,
1358,-3.968750e-03,3.968750e-03,
1359,-3.968750e-03,3.968750e-03,
1360,-3.968750e-03,3.968750e-03,
1361,-3.968750e-03,3.968750e-03,
1362,-3.968750e-03,3.968750e-03,
1363,-3.968750e-03,3.968750e-03,
1364,-3.968750e-03,3.968750e-03,
1365,-3.968750e-03,3.968750e-03,
1366,-3.968750e-03,3.968750e-03,
1367,-3.968750e-03,3.968750e-03,
1368,-3.968750e-03,3.968750e-03,
1369,-3.968750e-03,3.968750e-03,
1370,-3.968750e-03,3.968750e-03,
1371,-3.968750e-03,3.968750e-03,
1372,-3.968750e-03,3.968750e-03,
1373,-3.968750e-03,3.968750e-03,
1374,-3.968750e-03,3.968750e-03,
1375,-3.968750e-03,3.968750e-03,
1376,-3.968750e-03,3.968750e-03,
1377,-3.968750e-03,3.968750e-03,
1378,-3.968750e-03,3.968750e-03,
1379,-3.968750e-03,3.968750e-03,
1380,-3.968750e-03,3.968750e-03,
1381,-3.968750e-03,3.968750e-03,
1382,-3.968750e-03,3.968750e-03,
1383,-3.968750e-03,3.968750e-03,
1384,-3.968750e-03,3.968750e-03,
1385,-3.968750e-03,3.968750e-03,
1386,-3.968750e-03,3.968750e-03,
1387,-3.968750e-03,3.968750e-03,
1388,-3.968750e-03,3.968750e-03,
1389,-3.968750e-03,3.968750e-03,
1390,-3.968750e-03,3.968750e-03,
1391,-3.968750e-03,3.968750e-03,
1392,-3.968750e-03,3.968750e-03,
1393,-3.968750e-03,3.968750e-03,
1394,-3.968750e-03,3.968750e-03,
1395,-3.968750e-03,3.968750e-03,
1396,-3.968750e-03,3.968750e-03,
1397,-3.968750e-03,3.968750e-03,
1398,-3.968750e-03,3.968750e-03,
1399,-3.968750e-03,3.968750e-03,
